Model,Train_Acc,Test_Acc,CV_Mean,CV_Std,Precision,Recall,F1_Score
Gradient Boosting,1.0,1.0,0.8527272727272728,0.07144320983413999,1.0,1.0,1.0
Logistic Regression,0.9259259259259259,0.7857142857142857,0.8345454545454546,0.06615783781331,0.8499999999999999,0.7857142857142857,0.7754010695187166
SVM,0.6296296296296297,0.7142857142857143,0.5036363636363637,0.09818181818181818,0.8181818181818181,0.7142857142857143,0.688888888888889
Random Forest,0.9444444444444444,0.6428571428571429,0.7381818181818182,0.08016511885472222,0.6458333333333333,0.6428571428571429,0.6410256410256411
Naive Bayes,0.9074074074074074,0.6428571428571429,0.6818181818181819,0.13483997249264845,0.6749999999999999,0.6428571428571429,0.6256684491978609
